anchor,hyponym
auto part,rhubarb
auto part,combination lock
auto part,record player
auto part,flamethrower
auto part,measuring cup
auto part,tube top
auto part,cauliflower
auto part,garbage truck
auto part,kimono
auto part,kale
auto part,sofa bed
auto part,kiwi
auto part,bottle opener
auto part,remote control
auto part,lavender
auto part,muff
auto part,jalapeno
auto part,flan
auto part,dandelion
auto part,swimming pool
auto part,broccoli
auto part,recorder
auto part,wine bottle
auto part,coffee table
auto part,golf cart
auto part,papaya
auto part,ham
auto part,coffee bean
auto part,school bus
auto part,rattle
mammal,tadpole
mammal,chandelier
mammal,marijuana
mammal,fishbowl
mammal,tugboat
mammal,rattlesnake
mammal,walnut
mammal,coffee bean
mammal,moth
mammal,dragonfly
mammal,machine gun
mammal,turtleneck
mammal,wrap
mammal,handle
mammal,stapler
mammal,turban
mammal,record player
mammal,cream cheese
mammal,kaleidoscope
mammal,tea
mammal,mascara
mammal,lollipop
mammal,router
mammal,submarine
mammal,caterpillar
mammal,hammock
mammal,goblet
mammal,moccasin
mammal,match
mammal,mallet
mammal,paper
mammal,bow
mammal,fruit
mammal,candelabra
mammal,police car
mammal,moss
mammal,mussel
mammal,birdcage
mammal,thermometer
mammal,button
mammal,makeup
mammal,scalpel
mammal,cookie
mammal,combination lock
mammal,string cheese
mammal,jalapeno
mammal,tomato
mammal,daisy
mammal,wallet
mammal,trolley
mammal,shopping cart
mammal,bonnet
mammal,lighter
mammal,roll
mammal,coverall
mammal,notebook
mammal,file
mammal,grater
mammal,uniform
mammal,filing cabinet
mammal,tarantula
mammal,stethoscope
mammal,blowfish
mammal,pretzel
mammal,checkers
mammal,hearing aid
mammal,drawer
mammal,ready meal
mammal,locker
mammal,scorpion
mammal,sandwich
mammal,slot machine
mammal,measuring cup
mammal,marshmallow
mammal,swimming pool
mammal,maggot
mammal,mosquito
mammal,face mask
mammal,school bus
mammal,seahorse
mammal,recorder
mammal,throne
mammal,cornucopia
mammal,jewelry
mammal,coffee
mammal,hammer
mammal,shelf
mammal,sarcophagus
protective clothing,jalapeno
protective clothing,ice pack
protective clothing,kiwi
protective clothing,measuring cup
protective clothing,papaya
protective clothing,swimming pool
protective clothing,flan
protective clothing,school bus
protective clothing,guacamole
protective clothing,water bottle
protective clothing,muff
protective clothing,combination lock
protective clothing,eye patch
protective clothing,ham
protective clothing,rubber band
protective clothing,broccoli
fruit,file
fruit,lavender
fruit,tiramisu
fruit,suit
fruit,bag
fruit,album
fruit,match
fruit,tool
fruit,button
fruit,okra
fruit,tongs
fruit,frame
fruit,drawer
fruit,chihuahua
fruit,garlic
fruit,hearing aid
fruit,makeup
fruit,caviar
fruit,folder
fruit,box
fruit,hot chocolate
fruit,ball
fruit,robe
fruit,sauerkraut
fruit,engine
fruit,bulldozer
fruit,wind chimes
fruit,broccoli
fruit,sheep
fruit,kimono
fruit,flower
fruit,bottle
fruit,shelf
fruit,car
container,keyboard
container,kale
container,projector
container,zucchini
container,souffle
container,papaya
container,button
container,pepperoni
container,kiwi
container,folder
container,brass knuckles
container,chickpea
container,garlic
container,nacho
container,album
container,pipe
container,jalapeno
container,champagne
container,tiramisu
container,lock
container,kimono
container,hourglass
container,tablet
container,recorder
container,valve
container,caviar
container,ottoman
container,sauerkraut
container,binder
container,remote control
container,spacesuit
container,ketchup
container,handle
container,tool
container,okra
container,coverall
container,ham
container,engine
container,computer
container,camera
container,honey
container,chihuahua
container,dashboard
container,broccoli
container,pantyhose
container,tortellini
container,key
container,margarita
container,clipboard
container,car
container,jam
container,generator
container,timer
container,hot chocolate
container,suit
container,calculator
container,cardinal
container,hawk
container,sheep
container,bus
container,switch
container,frame
container,hook
container,robe
container,octopus
container,workbench
container,brush
container,checkers
container,tongs
container,file
container,marmalade
container,strap
container,beer
container,ivy
container,strainer
container,harp
container,taffy
container,flower
container,makeup
container,scraper
container,kayak
container,bra
container,shelf
container,board game
container,chainsaw
container,cornmeal
container,marijuana
container,lavender
container,aloe
container,hearing aid
container,notebook
container,creme brulee
container,padlock
container,mandolin
container,baklava
container,loveseat
container,mixer
container,kilt
container,printer
container,train set
container,table
container,match
container,modem
container,butter
container,patch
container,leopard
breakfast,handle
breakfast,green beans
breakfast,polisher
breakfast,router
breakfast,lettuce
breakfast,bow
breakfast,string cheese
breakfast,throne
breakfast,breadstick
breakfast,scoop
breakfast,blowfish
breakfast,easter egg
breakfast,breadbox
breakfast,christmas tree
breakfast,drink
breakfast,gum
breakfast,cake mix
breakfast,thermos
breakfast,muff
breakfast,wrap
breakfast,shortbread
breakfast,lunchbox
breakfast,whipped cream
breakfast,machine gun
breakfast,birthday cake
breakfast,ice cream
breakfast,lighter
breakfast,dessert
breakfast,appetizer
breakfast,uniform
breakfast,meatball
breakfast,glue
breakfast,vegetable
breakfast,sweet potato
breakfast,smoothie
breakfast,vise
medical equipment,safety pin
medical equipment,lab coat
medical equipment,bow
medical equipment,computer screen
medical equipment,lettuce
medical equipment,string cheese
medical equipment,swimming pool
medical equipment,flan
medical equipment,metal detector
medical equipment,music box
medical equipment,wrap
medical equipment,hot tub
medical equipment,sewing machine
medical equipment,throne
medical equipment,jam
medical equipment,air mattress
medical equipment,school bus
medical equipment,router
medical equipment,golf cart
medical equipment,shaving cream
medical equipment,muff
medical equipment,lighter
medical equipment,roll
medical equipment,gum
medical equipment,vise
medical equipment,scoop
medical equipment,food processor
medical equipment,air conditioner
vehicle,bow
vehicle,toolbox
vehicle,wallet
vehicle,bag
vehicle,aloe
vehicle,cardinal
vehicle,projector
vehicle,mandolin
vehicle,handle
vehicle,marmalade
vehicle,container
vehicle,guacamole
vehicle,train set
vehicle,hourglass
vehicle,fruit
vehicle,file
vehicle,keyboard
vehicle,dashboard
vehicle,tongs
vehicle,computer
vehicle,papaya
vehicle,lavender
vehicle,milk
vehicle,engine
vehicle,flan
vehicle,tiramisu
vehicle,kiwi
vehicle,bamboo
vehicle,bottle
vehicle,frame
vehicle,cornmeal
vehicle,camera
vehicle,garlic
vehicle,margarita
vehicle,ketchup
vehicle,flower
vehicle,chihuahua
vehicle,match
vehicle,suit
vehicle,jam
vehicle,barrel
vehicle,drawer
vehicle,ottoman
vehicle,caviar
vehicle,kimono
vehicle,kale
vehicle,recorder
vehicle,button
vehicle,box
vehicle,baklava
vehicle,printer
vehicle,ham
vehicle,ivy
vehicle,stir fry
vehicle,hot chocolate
vehicle,flamethrower
vehicle,spacesuit
vehicle,bank
vehicle,lollipop
vehicle,tortellini
vehicle,sauerkraut
vehicle,chickpea
vehicle,folder
vehicle,album
vehicle,table
vehicle,tool
vehicle,broccoli
vehicle,mailbox
vehicle,shelf
vehicle,jalapeno
game,wrap
game,cream cheese
game,throne
game,projector
game,bow
game,engine
game,book
game,lettuce
game,tool
game,roll
game,measuring cup
game,bookshelf
game,music box
game,shoe
game,router
game,lighter
game,drink
game,jam
game,toy
game,spacesuit
tool,plant
tool,checkers
tool,bulldozer
tool,wallet
tool,spaghetti
tool,chickpea
tool,guacamole
tool,backpack
tool,headband
tool,remote control
tool,suit
tool,aloe
tool,mailbox
tool,okra
tool,dumpster
tool,toast
tool,harp
tool,cornmeal
tool,papaya
tool,brass knuckles
tool,hopscotch
tool,honey
tool,binder
tool,car
tool,box
tool,jalapeno
tool,table
tool,ketchup
tool,spacesuit
tool,mixer
tool,cheeseburger
tool,notebook
tool,bra
tool,cauliflower
tool,flower
tool,bow
tool,trunk
tool,saffron
tool,kiwi
tool,lasagna
tool,dalmatian
tool,hearing aid
tool,camera
tool,fruit
tool,computer
tool,broccoli
tool,baklava
tool,album
tool,bag
tool,jam
tool,cat
tool,pepperoni
tool,souffle
tool,dandelion
tool,ottoman
tool,tiramisu
tool,octopus
tool,cheesecake
tool,calculator
tool,lavender
tool,marmalade
tool,hourglass
tool,patch
tool,margarita
tool,toolbox
tool,bracelet
tool,muff
tool,ball
tool,printer
tool,ashtray
tool,lip balm
tool,beer
tool,kimono
tool,drink
tool,barrel
tool,train
tool,game
tool,bookshelf
tool,sling
tool,flamethrower
tool,chair
tool,keyboard
tool,rattle
tool,generator
tool,nacho
tool,clothes
tool,mandolin
tool,tablet
tool,coverall
tool,projector
tool,headrest
tool,bottle
tool,sock
tool,marijuana
tool,leopard
tool,tortellini
tool,ship
tool,folder
tool,cream cheese
tool,taffy
tool,zucchini
tool,hovercraft
tool,chessboard
tool,book
tool,loveseat
tool,creme brulee
tool,garlic
tool,matchbox
tool,wheat
tool,clipboard
tool,dashboard
tool,caviar
tool,toy
tool,asparagus
tool,workbench
tool,container
tool,strap
tool,board game
tool,shelf
tool,train set
tool,sheep
tool,chihuahua
tool,champagne
tool,bok choy
tool,recorder
tool,engine
tool,pantyhose
tool,boot
tool,cup
tool,sauerkraut
tool,ivy
tool,bird
tool,stir fry
tool,kale
tool,robe
tool,drawer
tool,flan
tool,bamboo
tool,bongo
tool,costume
tool,cardinal
tool,cart
tool,turban
tool,hot chocolate
tool,bank
tool,frame
electronic device,bra
electronic device,lettuce
electronic device,paper bag
electronic device,tube top
electronic device,school bus
electronic device,grille
electronic device,shower cap
electronic device,polisher
electronic device,scoop
electronic device,sauerkraut
electronic device,jalapeno
electronic device,ham
electronic device,sundae
electronic device,aircraft carrier
electronic device,candy bar
electronic device,zucchini
electronic device,measuring cup
electronic device,floss
electronic device,lollipop
electronic device,water filter
electronic device,kimono
electronic device,license plate
electronic device,kiwi
electronic device,thermos
electronic device,panda
electronic device,rattle
electronic device,watch
electronic device,vise
electronic device,guacamole
electronic device,kale
electronic device,gum
electronic device,rhubarb
electronic device,letter opener
electronic device,tape measure
electronic device,margarita
electronic device,broccoli
electronic device,playing card
electronic device,coffee table
electronic device,golf cart
electronic device,water bottle
electronic device,bottle opener
electronic device,backpack
electronic device,jewelry
electronic device,eye patch
electronic device,garbage truck
electronic device,jam
electronic device,footrest
electronic device,sling
electronic device,pocket watch
electronic device,air mattress
electronic device,drink
electronic device,milk
electronic device,muff
electronic device,papaya
electronic device,lightning bug
electronic device,briefcase
electronic device,canister
electronic device,apple tree
electronic device,velcro
electronic device,ready meal
electronic device,bow
electronic device,shopping cart
electronic device,filing cabinet
electronic device,combination lock
electronic device,tiramisu
electronic device,flan
electronic device,swimming pool
electronic device,cabinet
electronic device,rubber band
electronic device,bamboo
electronic device,ice pack
electronic device,wrap
electronic device,coral
electronic device,roll
school supply,coffee bean
school supply,food processor
school supply,flan
school supply,muff
school supply,school bus
school supply,briefcase
school supply,garbage truck
school supply,scoop
school supply,water bottle
school supply,jam
school supply,music box
school supply,bottle opener
school supply,bow
school supply,ham
school supply,coffee table
school supply,router
school supply,panda
school supply,papaya
school supply,swimming pool
school supply,guacamole
school supply,shopping cart
school supply,sauerkraut
school supply,safety pin
school supply,kale
school supply,letter opener
school supply,broccoli
headwear,makeup
headwear,marijuana
headwear,chalkboard
headwear,police car
headwear,string cheese
headwear,rollerskate
headwear,machine gun
headwear,handle
headwear,sandwich
headwear,router
headwear,measuring cup
headwear,headrest
headwear,hairspray
headwear,headlight
headwear,wrap
headwear,plunger
headwear,hearing aid
headwear,skateboard
headwear,swab
headwear,wetsuit
vegetable,guacamole
vegetable,plant
vegetable,breadbox
vegetable,candy bar
vegetable,shoe
vegetable,grille
vegetable,coffee bean
vegetable,panda
vegetable,bean
vegetable,muff
vegetable,lunchbox
vegetable,spacesuit
vegetable,blackberry
vegetable,egg roll
vegetable,wrap
vegetable,floss
vegetable,jam
vegetable,breakfast
vegetable,blueberry
vegetable,wine bottle
vegetable,vise
vegetable,glove
vegetable,roll
vegetable,baton
vegetable,coffee table
vegetable,flower
vegetable,throne
vegetable,coral
vegetable,nail
vegetable,flan
vegetable,blowfish
vegetable,drink
vegetable,polisher
vegetable,star fruit
vegetable,gum
vegetable,router
vegetable,string cheese
vegetable,smoothie
vegetable,cake mix
vegetable,bow
vegetable,scoop
vegetable,lighter
candy,record player
candy,hearing aid
candy,stapler
candy,candlestick
candy,measuring cup
candy,makeup
candy,school bus
candy,candle
candy,cardigan
candy,basket
candy,sandwich
candy,police car
candy,marijuana
candy,swimming pool
candy,candelabra
candy,pizza
musical instrument,thermos
musical instrument,pepper mill
musical instrument,router
musical instrument,roll
musical instrument,gum
musical instrument,panda
musical instrument,vise
musical instrument,jewelry
musical instrument,wine cooler
musical instrument,pocket watch
musical instrument,flan
musical instrument,wrap
musical instrument,plaster cast
musical instrument,shower cap
musical instrument,rocking chair
musical instrument,electric chair
musical instrument,muff
musical instrument,lettuce
musical instrument,grille
musical instrument,hot tub
musical instrument,bow
musical instrument,rubber band
musical instrument,golf cart
musical instrument,scoop
musical instrument,coffee table
musical instrument,wine bottle
musical instrument,music box
musical instrument,headdress
musical instrument,jam
musical instrument,playing card
musical instrument,ham
musical instrument,polisher
musical instrument,swimming pool
musical instrument,floss
kitchen tool,wine bottle
kitchen tool,hot tub
kitchen tool,flan
kitchen tool,bow
kitchen tool,kale
kitchen tool,wrap
kitchen tool,shower cap
kitchen tool,jam
kitchen tool,air mattress
kitchen tool,swimming pool
kitchen tool,mattress
kitchen tool,ice pack
kitchen tool,muff
kitchen tool,panda
kitchen tool,jewelry
kitchen tool,food processor
kitchen tool,shaving cream
kitchen tool,ham
kitchen tool,kiwi
kitchen tool,water bottle
kitchen tool,vise
kitchen tool,router
kitchen tool,roll
kitchen tool,coffee table
kitchen tool,gum
kitchen tool,coffee bean
kitchen tool,guacamole
kitchen tool,cake mix
insect,roll
insect,vise
insect,handle
insect,fishnet stockings
insect,bow
insect,beachball
insect,duckling
insect,string cheese
insect,birdcage
insect,birdhouse
insect,jam
insect,plant
insect,hummingbird
insect,birdbath
insect,wrap
insect,bird
insect,router
insect,scoop
toiletry,cabinet
toiletry,food processor
toiletry,vise
toiletry,cake mix
toiletry,breadbox
toiletry,papaya
toiletry,flan
toiletry,muff
toiletry,router
toiletry,wrap
toiletry,letter opener
toiletry,footrest
toiletry,broccoli
toiletry,roll
toiletry,backpack
toiletry,coffee table
toiletry,jewelry
toiletry,air mattress
toiletry,bottle opener
toiletry,kale
toiletry,kiwi
toiletry,swimming pool
toiletry,school bus
toiletry,washing machine
toiletry,panda
toiletry,guacamole
toiletry,candy bar
toiletry,water bottle
toiletry,ham
toiletry,jam
toiletry,bow
toiletry,scoop
toy,marijuana
toy,muff
toy,handle
toy,car
toy,tank
toy,spacesuit
toy,truck
toy,glove
toy,boat
toy,boot
toy,bagel
toy,machine gun
toy,string cheese
toy,wrap
toy,measuring cup
toy,chainsaw
toy,jam
toy,cat
toy,lighter
toy,throne
toy,roll
toy,lettuce
toy,stuffing
toy,whiteboard
toy,gum
toy,flower
toy,breadbox
toy,vise
toy,chair
toy,bow
toy,scoop
toy,ring
toy,shoe
toy,router
footwear,lego
footwear,marijuana
footwear,wetsuit
footwear,turtleneck
footwear,hearing aid
footwear,footrest
footwear,sandwich
footwear,router
footwear,handle
footwear,record player
footwear,footbath
footwear,machine gun
footwear,hairspray
footwear,police car
footwear,trowel
footwear,measuring cup
home decor,wedding cake
home decor,sofa bed
home decor,mattress
home decor,mustard
home decor,lettuce
home decor,jam
home decor,wine cooler
home decor,kale
home decor,tube top
home decor,bottle opener
home decor,muff
home decor,wine bottle
home decor,kiwi
home decor,sewing machine
home decor,coffee bean
home decor,string cheese
home decor,scoop
home decor,guacamole
home decor,food processor
home decor,shower cap
home decor,roll
home decor,flan
home decor,jewelry
home decor,broccoli
home decor,wrap
home decor,spam
home decor,hot tub
home decor,metal detector
home decor,car seat
home decor,ham
home decor,shaving cream
home decor,golf cart
home decor,paper bag
home decor,rattle
home decor,panda
home decor,papaya
home decor,bra
home decor,coffee table
home decor,music box
home decor,gum
home decor,bow
home decor,flamethrower
home decor,swimming pool
home decor,air mattress
home decor,router
home decor,pepper mill
plant,coral
plant,grille
plant,margarita
plant,cat
plant,tiramisu
plant,drink
plant,marmalade
plant,vegetable
plant,dog
plant,muff
plant,vise
plant,roll
plant,polisher
plant,blowfish
plant,bow
plant,lighter
plant,truck
plant,bean
plant,gum
plant,bank
plant,computer
plant,sundae
plant,glove
plant,chair
plant,flan
plant,wrap
plant,baton
plant,buckle
plant,toy
plant,boat
plant,throne
plant,bra
plant,boot
plant,tank
plant,car
plant,potato
plant,jam
plant,ship
plant,spacesuit
plant,camera
plant,bird
plant,scoop
plant,watch
plant,router
plant,bug
plant,chainsaw
plant,string cheese
plant,nail
clothing,ready meal
clothing,appetizer
clothing,lighter
clothing,sea urchin
clothing,police car
clothing,wasp
clothing,clothespin
clothing,hairspray
clothing,tapestry
clothing,cruise ship
clothing,kaleidoscope
clothing,spatula
clothing,hook
clothing,album
clothing,handle
clothing,pillbox
clothing,pillow
clothing,buckle
clothing,record player
clothing,coffin
clothing,lampshade
clothing,stethoscope
clothing,toaster oven
clothing,stuffing
clothing,notebook
clothing,wheelchair
clothing,watermelon
clothing,chalkboard
clothing,fishbowl
clothing,hearing aid
clothing,cookie
clothing,duster
clothing,funnel
clothing,gumball
clothing,roll
clothing,filing cabinet
clothing,hubcap
clothing,throne
clothing,machine gun
clothing,hairpin
clothing,jam
clothing,shredder
clothing,shuffleboard
clothing,sandwich
clothing,balloon
clothing,wrap
clothing,rollerskate
clothing,combination lock
clothing,blowfish
clothing,dryer
clothing,router
clothing,apple tree
clothing,toothbrush
clothing,match
clothing,lego
clothing,string cheese
clothing,washcloth
clothing,slot machine
clothing,speedometer
clothing,swimming pool
clothing,shopping cart
clothing,flipper
clothing,paperclip
clothing,vise
clothing,bagel
clothing,gum
clothing,scoop
clothing,face mask
clothing,lemonade
clothing,license plate
clothing,cotton candy
clothing,windshield
clothing,measuring cup
clothing,footbath
clothing,makeup
clothing,hairdryer
clothing,urn
clothing,marijuana
clothing,school bus
clothing,breadbox
clothing,stretcher
clothing,lettuce
clothing,fruitcake
clothing,fan
clothing,closet
clothing,whiteboard
clothing,palm tree
clothing,dollhouse
clothing,playing card
clothing,remote control
clothing,sweet potato
clothing,bunkbed
clothing,skateboard
clothing,sandpaper
clothing,tea
clothing,handkerchief
clothing,briefcase
clothing,paintbrush
clothing,barrette
clothing,candle
clothing,wheelbarrow
clothing,golf cart
clothing,buffet
clothing,cream cheese
clothing,toothpick
clothing,can opener
clothing,pickax
clothing,football helmet
fastener,string cheese
fastener,wrap
fastener,sweeper
fastener,vise
fastener,dryer
fastener,hearing aid
fastener,jam
fastener,rollerblade
fastener,fan
fastener,handle
fastener,footbath
fastener,scoop
fastener,footrest
fastener,tea
fastener,blower
fastener,hubcap
fastener,marijuana
fastener,seatbelt
fastener,uniform
fastener,hovercraft
fastener,dashboard
fastener,cream cheese
fastener,pickax
fastener,roll
fastener,throne
fastener,blowgun
fastener,paintbrush
fastener,fast food
fastener,breadbox
fastener,router
fastener,stretcher
fastener,lighter
livestock,combination lock
livestock,router
livestock,uniform
livestock,stethoscope
livestock,lollipop
livestock,hopscotch
livestock,shovel
livestock,measuring cup
livestock,machine gun
livestock,handle
livestock,record player
livestock,flamethrower
livestock,joystick
livestock,match
livestock,stapler
livestock,antelope
livestock,marijuana
livestock,baklava
jewelry,panda
jewelry,wrap
jewelry,music box
jewelry,coffee table
jewelry,roll
jewelry,guacamole
jewelry,makeup
jewelry,flan
jewelry,jam
jewelry,food processor
jewelry,router
jewelry,sewing machine
jewelry,scoop
jewelry,breadbox
jewelry,headdress
jewelry,cake mix
accessory,margarita
accessory,clothes
accessory,kale
accessory,jam
accessory,board game
accessory,papaya
accessory,tiramisu
accessory,glass
accessory,cabinet
accessory,kebab
accessory,letter opener
accessory,footrest
accessory,jalapeno
accessory,breadbox
accessory,scoop
accessory,lollipop
accessory,backpack
accessory,guacamole
accessory,projector
accessory,router
accessory,jewelry
accessory,nail
accessory,sauerkraut
accessory,flan
accessory,wallet
accessory,bamboo
accessory,ham
accessory,coffee table
accessory,food processor
accessory,kiwi
accessory,smoothie
accessory,candy bar
accessory,bottle opener
accessory,music box
accessory,broccoli
accessory,drink
accessory,panda
accessory,tongs
outerwear,bamboo
outerwear,backpack
outerwear,router
outerwear,smoothie
outerwear,papaya
outerwear,jewelry
outerwear,bracelet
outerwear,breadbox
outerwear,sauerkraut
outerwear,candy bar
outerwear,footrest
outerwear,scoop
outerwear,jam
outerwear,kiwi
outerwear,boxer shorts
outerwear,flan
water vehicle,garbage truck
water vehicle,rubber band
water vehicle,wrap
water vehicle,shower cap
water vehicle,router
water vehicle,scoop
water vehicle,water filter
water vehicle,school bus
water vehicle,flan
water vehicle,water heater
water vehicle,watering can
water vehicle,air mattress
water vehicle,gum
water vehicle,water bottle
water vehicle,vise
water vehicle,roll
water vehicle,panda
water vehicle,muff
water vehicle,swimming pool
water vehicle,jam
dessert,machine gun
dessert,deodorant
dessert,wrap
dessert,marijuana
dessert,salad
dessert,stew
dessert,notebook
dessert,breakfast
dessert,handle
dessert,string cheese
dessert,almond
dessert,mashed potato
dessert,measuring cup
dessert,casserole
dessert,match
dessert,sauce
dessert,modem
dessert,police car
dessert,sandwich
dessert,cordon bleu
dessert,croissant
dessert,snack
dessert,appetizer
dessert,record player
dessert,roll
dessert,throne
dessert,quesadilla
dessert,hot chocolate
dessert,button
dessert,cocktail
dessert,router
dessert,recorder
dessert,shelf
dessert,soup
dessert,artichoke
dessert,waffle iron
dessert,uniform
dessert,combination lock
garden tool,coffee table
garden tool,jam
garden tool,scoop
garden tool,hot tub
garden tool,shower cap
garden tool,roll
garden tool,wine bottle
garden tool,flan
garden tool,bottle opener
garden tool,router
garden tool,wrap
garden tool,coffee bean
garden tool,pepper mill
garden tool,gum
garden tool,muff
garden tool,water bottle
garden tool,swimming pool
garden tool,vise
furniture,roll
furniture,sewing machine
furniture,water filter
furniture,water bottle
furniture,papaya
furniture,wine bottle
furniture,clothes
furniture,jam
furniture,ham
furniture,router
furniture,jewelry
furniture,food processor
furniture,kale
furniture,breadbox
furniture,floss
furniture,music box
furniture,drink
furniture,bottle opener
furniture,shower cap
furniture,thermos
furniture,broccoli
furniture,wrap
furniture,muff
furniture,vise
furniture,gum
furniture,bow
furniture,coffee bean
furniture,guacamole
furniture,flan
furniture,kiwi
furniture,pepper mill
furniture,backpack
furniture,wine cooler
furniture,panda
furniture,scoop
furniture,golf cart
furniture,swimming pool
furniture,hot tub
bird,dog
bird,gun
bird,grille
bird,birdbath
bird,gum
bird,ball
bird,lettuce
bird,flower
bird,egg
bird,cat
bird,bug
bird,bear
bird,chair
bird,polisher
bird,flan
bird,lighter
bird,birdcage
bird,bow
bird,roll
bird,jam
bird,router
bird,muff
bird,horse
bird,birdhouse
bird,vise
bird,plant
bird,scoop
bird,wrap
animal,asparagus
animal,bottle
animal,container
animal,nacho
animal,tortellini
animal,kiwi
animal,drawer
animal,ham
animal,marmalade
animal,bank
animal,toolbox
animal,tablet
animal,garlic
animal,candy bar
animal,wallet
animal,tree
animal,mixer
animal,sushi
animal,rhubarb
animal,gum
animal,cellphone
animal,lavender
animal,keg
animal,grille
animal,remote control
animal,mandolin
animal,lip balm
animal,kimono
animal,bag
animal,board game
animal,okra
animal,bookshelf
animal,zucchini
animal,milk
animal,matchbox
animal,muff
animal,ring
animal,jeep
animal,coffeemaker
animal,baklava
animal,drink
animal,dumpster
animal,kazoo
animal,saffron
animal,glove
animal,papaya
animal,patch
animal,flamethrower
animal,computer
animal,mailbox
animal,train set
animal,match
animal,rattle
animal,camera
animal,chickpea
animal,margarita
animal,costume
animal,bamboo
animal,creme brulee
animal,combination lock
animal,cheeseburger
animal,bulldozer
animal,velcro
animal,potpourri
animal,recorder
animal,breadbox
animal,loveseat
animal,weather vane
animal,marker
animal,hot chocolate
animal,bow
animal,toy
animal,tiramisu
animal,shelf
animal,clothes
animal,chessboard
animal,router
animal,razor
animal,file
animal,game
animal,binder
animal,tuba
animal,frame
animal,padlock
animal,truck
animal,vegetable
animal,kale
animal,backpack
animal,floss
animal,aloe
animal,suit
animal,chair
animal,caviar
animal,pantyhose
animal,kayak
animal,jam
animal,motorcycle
animal,printer
animal,soda
animal,engine
animal,handle
animal,keyboard
animal,souffle
animal,ivy
animal,harp
animal,bra
animal,barrel
animal,flan
animal,flower
animal,bus
animal,cornbread
animal,table
animal,tool
animal,workbench
animal,kilt
animal,album
animal,lock
animal,spacesuit
animal,broccoli
animal,lighter
animal,hourglass
animal,cheesecake
animal,bongo
animal,car
animal,smoothie
animal,kebab
animal,key
animal,jersey
animal,potato
animal,ottoman
animal,book
animal,hook
animal,checkers
animal,plant
animal,espresso
animal,brush
animal,guacamole
animal,cabinet
animal,ketchup
animal,mascara
animal,jalapeno
animal,ball
animal,sauerkraut
animal,bracelet
animal,pan
animal,glass
animal,lollipop
animal,hopscotch
animal,trombone
animal,ship
animal,taffy
animal,ashtray
animal,scoop
animal,wrap
animal,stir fry
animal,sling
animal,sundae
animal,cauliflower
animal,button
animal,chainsaw
animal,robe
animal,stereo
animal,garbage truck
animal,pita
animal,box
animal,music box
animal,fruit
animal,bean
animal,generator
animal,folder
animal,projector
animal,triangle
animal,glasses
animal,cornmeal
animal,spaghetti
animal,tongs
animal,dashboard
animal,train
kitchen equipment,flan
kitchen equipment,gum
kitchen equipment,muff
kitchen equipment,pepper mill
kitchen equipment,jam
kitchen equipment,wrap
kitchen equipment,vise
kitchen equipment,swimming pool
kitchen equipment,air mattress
kitchen equipment,roll
kitchen equipment,golf cart
kitchen equipment,shower cap
kitchen equipment,hot tub
kitchen equipment,mattress
kitchen equipment,coffee table
kitchen equipment,scoop
kitchen equipment,jewelry
kitchen equipment,bow
kitchen equipment,bottle opener
kitchen equipment,router
drink,candy bar
drink,muff
drink,coffee table
drink,bow
drink,album
drink,panda
drink,book
drink,glass
drink,jam
drink,kale
drink,food processor
drink,glasses
drink,flan
drink,router
drink,gum
drink,watch
drink,broccoli
drink,backpack
drink,scoop
drink,bottle opener
weapon,container
weapon,mailbox
weapon,hourglass
weapon,chihuahua
weapon,toolbox
weapon,shelf
weapon,scoop
weapon,bamboo
weapon,camera
weapon,stir fry
weapon,lighter
weapon,projector
weapon,glass
weapon,ottoman
weapon,drawer
weapon,barrel
weapon,frame
weapon,kale
weapon,cardinal
weapon,tortellini
weapon,wallet
weapon,router
weapon,chickpea
weapon,jam
weapon,spacesuit
weapon,tool
weapon,tiramisu
weapon,glasses
weapon,ivy
weapon,lavender
weapon,dashboard
weapon,hot chocolate
weapon,suit
weapon,sauerkraut
weapon,kiwi
weapon,button
weapon,flower
weapon,bottle
weapon,flan
weapon,muff
weapon,engine
weapon,keyboard
weapon,broccoli
weapon,margarita
weapon,papaya
weapon,aloe
weapon,box
weapon,tongs
seafood,green beans
seafood,coffee
seafood,breadbox
seafood,ice cream
seafood,uniform
seafood,muff
seafood,router
seafood,string cheese
seafood,stereo
seafood,fishnet stockings
seafood,jam
seafood,scoop
seafood,tea
seafood,meatball
seafood,coffee table
seafood,ham
seafood,handle
seafood,tomato sauce
seafood,file
seafood,coffee bean
seafood,cake mix
seafood,wrap
seafood,food processor
seafood,roll
office supply,coffee table
office supply,wine bottle
office supply,flamethrower
office supply,ham
office supply,rattle
office supply,muff
office supply,flan
office supply,music box
office supply,bottle opener
office supply,kale
office supply,remote control
office supply,coffee bean
office supply,jalapeno
office supply,paper bag
office supply,papaya
office supply,record player
office supply,kiwi
office supply,school bus
office supply,guacamole
office supply,filing cabinet
office supply,shopping cart
office supply,broccoli
office supply,swimming pool
office supply,rhubarb
office supply,sling
office supply,food processor
sea animal,polar bear
sea animal,eye patch
sea animal,kale
sea animal,guacamole
sea animal,garbage truck
sea animal,ice pack
sea animal,tube top
sea animal,flan
sea animal,gum
sea animal,wine bottle
sea animal,panda
sea animal,sling
sea animal,bra
sea animal,ham
sea animal,scoop
sea animal,cruise ship
sea animal,jam
sea animal,muff
sea animal,kiwi
sea animal,router
sea animal,coffee bean
sea animal,seaweed
sea animal,water bottle
sea animal,broccoli
sea animal,music box
sea animal,seafood
sea animal,coffee table
sea animal,wrap
sea animal,star fruit
sea animal,swimming pool
women's clothing,router
women's clothing,scoop
women's clothing,swimming pool
women's clothing,washing machine
women's clothing,shower cap
women's clothing,sewing machine
women's clothing,christmas tree
women's clothing,lettuce
women's clothing,string cheese
women's clothing,jewelry
women's clothing,gum
women's clothing,wine cooler
women's clothing,headdress
women's clothing,shaving cream
women's clothing,jam
women's clothing,roll
women's clothing,wrap
women's clothing,handle
women's clothing,hot tub
women's clothing,vise
food,headband
food,bunkbed
food,life jacket
food,shelf
food,water heater
food,tongs
food,blowfish
food,letter opener
food,defibrillator
food,bracelet
food,rattle
food,balloon
food,knot
food,jellyfish
food,stereo
food,robe
food,paintbrush
food,chain
food,police car
food,pan
food,jacket
food,koala
food,kazoo
food,bison
food,can
food,test tube
food,blowgun
food,hovercraft
food,centerpiece
food,water bottle
food,television
food,floss
food,hoodie
food,hubcap
food,boa
food,air mattress
food,table
food,diaper
food,chisel
food,mongoose
food,padlock
food,game
food,ashtray
food,freezer
food,wine cooler
food,turban
food,funnel
food,shoe
food,dreidel
food,shower cap
food,flamethrower
food,headscarf
food,grenade
food,smoothie
food,headrest
food,beer
food,eggbeater
food,cow
food,stretcher
food,duckling
food,shopping basket
food,stockings
food,harp
food,pillbox
food,coffee
food,landmine
food,cellphone
food,clarinet
food,razor
food,fan
food,jeans
food,polisher
food,clasp
food,beachball
food,rocking chair
food,outfit
food,flask
food,airbag
food,bed
food,reindeer
food,scrabble
food,taillight
food,lavender
food,chihuahua
food,washing machine
food,lighter
food,breadbox
food,ship
food,drink
food,sweater
food,bus
food,piggy bank
food,briefcase
food,bolt
food,pocket
food,costume
food,safety pin
food,hairpin
food,harmonica
food,milk
food,duffel bag
food,curling iron
food,first-aid kit
food,nail
food,nail clippers
food,bamboo
food,urn
food,zipper
food,coffee table
food,trombone
food,slipper
food,vise
food,chicken wire
food,frame
food,clover
food,rack
food,router
food,organ
food,weather vane
food,yacht
food,bandana
food,food processor
food,coral
food,corkscrew
food,keg
food,whiteboard
food,piano
food,boxer shorts
food,clothes
food,book
food,kangaroo
food,footrest
food,modem
food,kite
food,bush
food,match
food,cabinet
food,jewelry
food,swan
food,cobra
food,rocking horse
food,rhinoceros
food,kettle
food,water filter
food,yak
food,watering can
food,thermos
food,overalls
food,cup
food,pin
food,terrarium
food,vending machine
food,scoop
food,baton
food,panda
food,metal detector
food,makeup
food,sandal
food,button
food,shaving cream
food,motorcycle
food,hammer
food,dynamite
food,wok
food,dryer
food,taxi
food,cloak
food,hammock
food,platypus
food,microphone
food,muff
food,bandage
food,rattlesnake
food,nail polish
food,doorknob
food,hairnet
food,birdcage
food,paper bag
food,undershirt
food,cooker
food,throne
food,rocket
food,hopscotch
food,fishnet stockings
food,velcro
food,coffee pot
food,wig
food,drum
food,spear
food,giraffe
food,doll
food,footbath
food,revolver
food,iron
food,candelabra
food,bow
food,grille
food,birdhouse
food,bulletproof vest
food,cd player
food,otter
food,trident
food,bassinet
food,glasses
food,toy
food,ballot box
food,backpack
food,wine bottle
food,rollerblade
food,french horn
food,ivy
food,toilet paper
food,hot tub
food,centrifuge
food,bottle opener
food,pug
food,carriage
food,workbench
food,bookshelf
food,iceskate
food,sarcophagus
food,washcloth
food,aloe
food,grasshopper
food,jar
food,helicopter
food,cummerbund
food,chariot
food,turtle
food,kimono
food,antelope
food,fishbowl
food,buckle
food,wasp
food,glass
food,tugboat
food,hoe
food,mandolin
food,jeep
food,violin
food,fox
food,sheep
food,mixer
food,sling
food,hairdryer
food,bra
food,music box
food,goldfish
food,hot-air balloon
food,chaps
food,projector
food,nail file
food,mascara
food,beanie
food,lock
food,donkey
food,hearing aid
food,lightbulb
food,bathtub
food,uniform
food,bomb
food,bulldozer
food,margarita
food,pencil sharpener
food,moose
food,joystick
food,board game
food,slingshot
food,tick
food,handle
food,lunchbox
food,machine gun
food,fountain pen
food,tie
food,car seat
food,hot-water bottle
food,pen
food,trumpet
food,hummingbird
food,birdbath
food,barrette
food,air conditioner
food,rake
food,sewing machine
food,kayak
food,walker
food,wineglass
food,quill
food,poker
food,ball
food,airplane
food,jet
food,christmas tree
food,hairbrush
condiment,curry
condiment,lighter
condiment,hearing aid
condiment,salad
condiment,machine gun
condiment,wrap
condiment,casserole
condiment,router
condiment,crouton
condiment,handle
condiment,throne
condiment,marijuana
condiment,dessert
condiment,parfait
condiment,snack
condiment,almond
